wavelength_nm,normalized
300.04,0.11466923589340029
300.371,0.10977514861388935
300.701,0.11147659955042508
301.031,0.12739470507276235
301.362,0.13276674913928496
301.692,0.12878891564658956
302.022,0.12893705261829447
302.352,0.12676011582871313
302.682,0.12012571496791347
303.012,0.11052755513801839
303.342,0.11953059234736743
303.672,0.12092865959351845
304.002,0.12517709597517032
304.332,0.13112597871010256
304.662,0.13260937291928146
304.992,0.13051002943790277
305.321,0.12195240271822555
305.651,0.127572436882957
305.98,0.13331169953608824
306.31,0.1258326371157891
306.639,0.125637230703641
306.969,0.12799338472874264
307.298,0.12281130423781131
307.628,0.12913161466328152
307.957,0.1332609778160401
308.286,0.13461200536873869
308.615,0.13688574400456177
308.944,0.14009909883023397
309.273,0.13591577390346637
309.602,0.13273732081525835
309.931,0.14168888112440467
310.26,0.14161240161600908
310.589,0.14266305635734294
310.918,0.141371483006555
311.247,0.14757830239193168
311.575,0.14576374617652993
311.904,0.14065317106170647
312.233,0.15028414165054738
312.561,0.14402991934445183
312.89,0.13902662626761447
313.218,0.15496000204939223
313.546,0.16218500367380162
313.875,0.1458786946394709
314.203,0.137606956794036
314.531,0.14165920810266588
314.859,0.1447578552913314
315.188,0.1476059022130037
315.516,0.15054577145218062
315.844,0.1512317897480857
316.172,0.1568478776954192
316.5,0.15776560357117406
316.827,0.1524020920308259
317.155,0.15553523073846365
317.483,0.15608656154743833
317.811,0.15006166175652524
318.138,0.1474118683089432
318.466,0.15074302533558276
318.794,0.15076768717843722
319.121,0.1519946127597591
319.449,0.15762952344288644
319.776,0.15316812540147678
320.103,0.14917452910187576
320.431,0.1556545876487546
320.758,0.15740973955165644
321.085,0.1554641245657642
321.412,0.15541625047168325
321.739,0.15607628817970173
322.066,0.1570612358544938
322.393,0.1534493294340711
322.72,0.15333235891124777
323.047,0.15733068452181342
323.374,0.16397376308969974
323.701,0.16001012276484283
324.028,0.15710758034805386
324.354,0.15941550949587152
324.681,0.15506616727237793
325.008,0.16148112422739136
325.334,0.16003023038669661
325.661,0.1551420754136731
325.987,0.16138105329018637
326.314,0.1640415442817378
326.64,0.16059247165551369
326.966,0.1602007126166374
327.293,0.16047897143838694
327.619,0.16006321568579895
327.945,0.16011645039840094
328.271,0.16122935784452555
328.597,0.16253936856742118
328.923,0.16127062099643258
329.249,0.1593581634517625
329.575,0.15842775694030853
329.901,0.15767594284351638
330.227,0.15981940971316738
330.552,0.16417815776615657
330.878,0.16272343923670105
331.204,0.16015119986122575
331.529,0.157884330841652
331.855,0.16214372833992027
332.18,0.1680101413802931
332.506,0.1609073622068762
332.831,0.15444053879255498
333.156,0.16137339759755714
333.482,0.16405089211493135
333.807,0.1603126865284093
334.132,0.16113451473907106
334.457,0.16267925326104252
334.782,0.16259460093051598
335.107,0.16078181203353492
335.432,0.15724433497942483
335.757,0.1566101271112335
336.082,0.15811111327992983
336.407,0.15903285356971728
336.732,0.1597926798202875
337.057,0.1620215528281957
337.381,0.16114862638145785
337.706,0.15979475311279165
338.031,0.16101466673158524
338.355,0.16017602140622172
338.68,0.16210912451338702
339.004,0.16324539593025716
339.329,0.16632898509326896
339.653,0.16461437552468994
339.977,0.15994132976939326
340.301,0.16180754726315622
340.626,0.16124345240569823
340.95,0.16165300000645538
341.274,0.16200147852970934
341.598,0.16179056246379842
341.922,0.16448916301901473
342.246,0.16489997879347235
342.57,0.16563667803595716
342.894,0.16508847691890635
343.218,0.16514077767515276
343.541,0.1679728464291747
343.865,0.16473740984426363
344.189,0.16348615628248858
344.512,0.16713833639297257
344.836,0.16692673051174978
345.159,0.1631707857400239
345.483,0.1624861755151909
345.806,0.16313627148743082
346.13,0.16663589080344482
346.453,0.16700911752634204
346.776,0.16449248691530327
347.099,0.16823331930112573
347.423,0.16884207563899103
347.746,0.165116470055775
348.069,0.16618010827724683
348.392,0.16828455242931595
348.715,0.16523828504989765
349.038,0.1646688951279177
349.361,0.166171954012161
349.683,0.16685786313363019
350.006,0.16546145662904957
350.329,0.1649479697003499
350.652,0.1679922310687843
350.974,0.16675431027275636
351.297,0.16568874579897425
351.619,0.16810093008924737
351.942,0.16984030539518094
352.264,0.16858870396159
352.587,0.1665496019236875
352.909,0.16593346713547968
353.231,0.165322099616531
353.554,0.1659363981993471
353.876,0.16675788441439823
354.198,0.16846988760952214
354.52,0.16917663134176159
354.842,0.16834923949611466
355.164,0.17113047434064765
355.486,0.17168353483089704
355.808,0.16798373824202714
356.13,0.16721534992812523
356.452,0.17196560778808884
356.773,0.17318892904531563
357.095,0.1677027067280011
357.417,0.1671069032165679
357.738,0.16738680269838074
358.06,0.16997312212850765
358.381,0.1695764376813173
358.703,0.167679015869433
359.024,0.17066525356169238
359.346,0.16869362383114503
359.667,0.16658986654206243
359.988,0.16608339268143854
360.309,0.1683334979204472
360.631,0.16943034190470485
360.952,0.1693106858899023
361.273,0.1694924191561217
361.594,0.17070712336854835
361.915,0.1715893396794679
362.236,0.16922913006531223
362.557,0.17014726880400352
362.878,0.17185400307117202
363.198,0.1704276124519667
363.519,0.16942403579690674
363.84,0.17080190847024626
364.16,0.1694894732962169
364.481,0.17049155152360113
364.802,0.17142611531415677
365.122,0.17240804157236875
365.443,0.17421370269625885
365.763,0.17321726941648255
366.083,0.17205483524456858
366.404,0.1696149213694197
366.724,0.1703076444272522
367.044,0.17380998103754478
367.364,0.17282283664292292
367.685,0.1698370840783554
368.005,0.1674281339774845
368.325,0.167798637375108
368.645,0.1702003960716424
368.965,0.16977994262622279
369.284,0.16962533486630427
369.604,0.1717832897687327
369.924,0.17372037878999905
370.244,0.17584226423078683
370.564,0.17498907145592274
370.883,0.17118685648642776
371.203,0.17292069441166516
371.522,0.17496477343833022
371.842,0.17619206421737676
372.161,0.1757846187050763
372.481,0.17365504509003116
372.8,0.17329723891445573
373.119,0.1750803506825109
373.439,0.17644077690678758
373.758,0.1754981176702805
374.077,0.17415907580101644
374.396,0.17419952757517637
374.715,0.17302627042830654
375.034,0.17151645534108786
375.353,0.17347528389319283
375.672,0.17278083066051092
375.991,0.16965394272168824
376.31,0.16884123022042452
376.629,0.16754050341524218
376.948,0.16730843831025602
377.266,0.1688739077355224
377.585,0.17169951734937203
377.904,0.17464639091920786
378.222,0.17295722696419874
378.541,0.17143077109100863
378.859,0.17184580413895795
379.178,0.17345841298262368
379.496,0.17467689795614832
379.814,0.17468428066043973
380.133,0.1742843381545639
380.451,0.17322987446726096
380.769,0.17195577243128674
381.087,0.17166974853280068
381.405,0.17160641351089345
381.723,0.1723408064545389
382.041,0.17413076184972778
382.359,0.17541374619050717
382.677,0.17499458841809368
382.995,0.1756811289046765
383.313,0.1758278306761172
383.631,0.17298059017211498
383.949,0.1733731375597862
384.266,0.17358130489917847
384.584,0.17356843452320628
384.901,0.17431563094865576
385.219,0.1749374820216984
385.537,0.1750136182604373
385.854,0.17499983570453356
386.171,0.17404705829480485
386.489,0.1732930951311336
386.806,0.17521013267107116
387.123,0.17770674225676583
387.441,0.17796805288281703
387.758,0.17907367700197485
388.075,0.1773870401761766
388.392,0.17415459466184494
388.709,0.17432721793356573
389.026,0.17387118745672406
389.343,0.17461011452212097
389.66,0.17592127193351828
389.977,0.1777129352544423
390.294,0.17524500177288913
390.61,0.1739178456565499
390.927,0.17805477788749896
391.244,0.1772353050884163
391.56,0.17551872348204473
391.877,0.17427240435362124
392.193,0.1721549666822447
392.51,0.17548573801498898
392.826,0.1767048803076487
393.143,0.17533018036091033
393.459,0.17558364501765517
393.775,0.17439794494299687
394.092,0.17272362215226603
394.408,0.17326588739906995
394.724,0.17497407299946938
395.04,0.17433799711667644
395.356,0.17621572548210038
395.672,0.1791485333317742
395.988,0.17911232435146152
396.304,0.178051664745134
396.62,0.17730473741417518
396.936,0.18000676866696258
397.252,0.18025059689093798
397.567,0.1787602844353972
397.883,0.1796254745592859
398.199,0.17948875567200456
398.514,0.17735695287816108
398.83,0.17870337448088391
399.146,0.18093622085180208
399.461,0.17981457289834882
399.777,0.17853912879266368
400.092,0.17811451288694266
400.407,0.17638296824055674
400.723,0.17443832039039717
401.038,0.17396361476941966
401.353,0.17522001466668863
401.668,0.17701310093630548
401.983,0.17658493179975254
402.298,0.1770130764407854
402.613,0.17698366854073966
402.928,0.175892615179685
403.243,0.17407086390862617
403.558,0.17493587693553436
403.873,0.1765124498025608
404.188,0.1745338097103806
404.503,0.17307717862176497
404.817,0.1734573845686429
405.132,0.17466147546347224
405.447,0.17534320770305312
405.761,0.17955144733774694
406.076,0.18131301414188078
406.39,0.17765518034350958
406.705,0.1763380245432784
407.019,0.17734862960841097
407.334,0.17751222043909434
407.648,0.17881293432225645
407.962,0.17755993427897193
408.276,0.17554157244373744
408.591,0.17555241614782974
408.905,0.17596495401668927
409.219,0.1794648542317929
409.533,0.1803797402736798
409.847,0.1803840191751374
410.161,0.1783469442246098
410.475,0.17679823614154047
410.789,0.17718664158755648
411.102,0.17877273826275186
411.416,0.18354824229940478
411.73,0.18342848814633989
412.044,0.18151642709306173
412.357,0.18100524662695122
412.671,0.1784774301346936
412.984,0.17623023605113547
413.298,0.17783844789115594
413.611,0.18127589103612743
413.925,0.18338046707037467
414.238,0.18217133077509184
414.552,0.1811798489918284
414.865,0.1793135808808428
415.178,0.17858733289413364
415.491,0.17906024777824567
415.804,0.18176589368907822
416.118,0.18115990535026208
416.431,0.1770254601012536
416.744,0.1776275856054041
417.057,0.17724621496564003
417.37,0.17669836844009765
417.683,0.17639537155937127
417.995,0.17933049502287918
418.308,0.18039465804114838
418.621,0.17840561051588477
418.934,0.17740926884891575
419.246,0.17925495948047718
419.559,0.18292545377234806
419.872,0.18098870344334048
420.184,0.17850762229811754
420.497,0.17955057422592852
420.809,0.18253411191645896
421.121,0.18185958436575206
421.434,0.178339787577309
421.746,0.17860220492441217
422.058,0.18036905065379738
422.371,0.18152354224514905
422.683,0.18043959634020812
422.995,0.17933090517976244
423.307,0.1795641474326697
423.619,0.1806896298987859
423.931,0.17932438697972417
424.243,0.17865182952336184
424.555,0.18028720061825224
424.867,0.18351880964050765
425.179,0.18567680366767403
425.491,0.18288519688928737
425.802,0.18061699867804357
426.114,0.18059658063477085
426.426,0.17978794710220755
426.737,0.17857594005279753
427.049,0.18110427916603228
427.361,0.18589417749528242
427.672,0.1850578991503783
427.984,0.18073311879317333
428.295,0.18171363874046567
428.606,0.18066588258486024
428.918,0.18204522982992816
429.229,0.19118569424482945
429.54,0.18928808131618408
429.851,0.1812442538149135
430.163,0.18067641093288908
430.474,0.18237593415532494
430.785,0.18456599788481834
431.096,0.18376080689327798
431.407,0.18391546584981705
431.718,0.18466047263939853
432.029,0.18562451356558493
432.339,0.18507307737423606
432.65,0.18476976055275476
432.961,0.18453681523397425
433.272,0.18239819781472022
433.582,0.18421905496903185
433.893,0.1834275216901025
434.204,0.18216459037192706
434.514,0.18301741137019237
434.825,0.18169317108840552
435.135,0.18183154054787226
435.446,0.1823869951184857
435.756,0.18355818412031055
436.066,0.1853371209519629
436.377,0.18858940780441016
436.687,0.18798528605047407
436.997,0.18409275039171444
437.307,0.185365115898685
437.617,0.18544600209777706
437.927,0.18313624008022403
438.237,0.18427637843619016
438.547,0.18593188125207774
438.857,0.18520676187859358
439.167,0.18632830548389598
439.477,0.18663250885574464
439.787,0.18589908822867887
440.097,0.18562470485030771
440.407,0.18638788978345594
440.716,0.1847035159805986
441.026,0.18496894320891444
441.336,0.18898865780402824
441.645,0.18935391486762132
441.955,0.18502470775426805
442.264,0.18501231342717311
442.574,0.19079290223576156
442.883,0.1913178116459664
443.192,0.18832827844454308
443.502,0.1904536468783653
443.811,0.19345434476470952
444.12,0.1915912863936215
444.429,0.18700557002645998
444.739,0.18512631445019856
445.048,0.18969526459512714
445.357,0.1919439597914134
445.666,0.19057377406424672
445.975,0.19020061699374516
446.284,0.18850121564465364
446.593,0.18786110891028882
446.901,0.18682081428914374
447.21,0.18771098807047756
447.519,0.1873655056312779
447.828,0.1881718084631464
448.136,0.1901992752239816
448.445,0.18848236372918328
448.754,0.18718850311844215
449.062,0.18880338503060096
449.371,0.191409909835908
449.679,0.18958082280493613
449.988,0.18918108867739866
450.296,0.19206781092993133
450.605,0.19145716761147458
450.913,0.19580545388223783
451.221,0.204468252147225
451.529,0.20283486640567938
451.838,0.19529409277322862
452.146,0.19315648057887713
452.454,0.19626041401411265
452.762,0.20117693609647846
453.07,0.19815634506380975
453.378,0.19232696476568487
453.686,0.194551859182673
453.994,0.2004196596355184
454.302,0.19853647995502344
454.609,0.19182259016923525
454.917,0.19220867839161468
455.225,0.19657043514435849
455.533,0.19615095738288668
455.84,0.1930441830132222
456.148,0.19244877469030205
456.455,0.19236163249157684
456.763,0.19424660043776976
457.07,0.1988291393231556
457.378,0.20199997935358138
457.685,0.19804090400668314
457.993,0.19473120217821296
458.3,0.19539013400009944
458.607,0.19612029397172173
458.915,0.19748340971577835
459.222,0.20096516964095712
459.529,0.2001203814828121
459.836,0.19892839312107172
460.143,0.19700931819294007
460.45,0.19356079297419052
460.757,0.19318618904843776
461.064,0.19574464451696516
461.371,0.19947056375719796
461.678,0.20067830277055884
461.985,0.19988233329640903
462.292,0.2003117960018957
462.598,0.2017148792136079
462.905,0.2043962824661106
463.212,0.2081601224926952
463.518,0.20694683372703315
463.825,0.20416539876743542
464.131,0.2093008730473949
464.438,0.21159817173990172
464.744,0.2069074655673024
465.051,0.2048905275680941
465.357,0.20703363326098392
465.664,0.2074880322316982
465.97,0.20588961688939658
466.276,0.2049242572184949
466.582,0.20388663043017877
466.889,0.20287127527393967
467.195,0.20524939000594075
467.501,0.20815710247272262
467.807,0.21245463053423544
468.113,0.21483968431228212
468.419,0.21494002942499946
468.725,0.216461745908468
469.031,0.2174500547898415
469.337,0.2210149338091725
469.642,0.21856301925393795
469.948,0.21426309254956397
470.254,0.21428806186599014
470.56,0.21167091668858865
470.865,0.2086316607728401
471.171,0.207830393015069
471.477,0.20983602376974264
471.782,0.20886757827901525
472.088,0.20574995499334167
472.393,0.212388752501192
472.698,0.21298297676924782
473.004,0.20710422534866424
473.309,0.21062388758757447
473.614,0.21193654090745434
473.92,0.2104719287695605
474.225,0.21077287381011328
474.53,0.21255833751344938
474.835,0.21251536390866763
475.14,0.21096845168332878
475.445,0.21220533789630774
475.75,0.2114929007458429
476.055,0.21018947843569694
476.36,0.21083843951687717
476.665,0.20763828167683698
476.97,0.20891064503596063
477.275,0.2138835257076781
477.58,0.2123262325855927
477.885,0.21193423984914528
478.189,0.20956570262984114
478.494,0.20805096235450546
478.799,0.20922365350725472
479.103,0.20704453188425706
479.408,0.20723648709468712
479.712,0.2095583987588061
480.017,0.21128588308104
480.321,0.2115674605100573
480.625,0.21014869625849342
480.93,0.21249993447860643
481.234,0.21498526419212555
481.538,0.2166636360042535
481.843,0.2195081164094975
482.147,0.22219723621284182
482.451,0.2207511256608846
482.755,0.21970472719263814
483.059,0.22091461159629328
483.363,0.22050080012114737
483.667,0.2206482579003123
483.971,0.22025189551120802
484.275,0.2207401405501425
484.579,0.22203716110601118
484.883,0.22257161469781012
485.187,0.22323282711260356
485.49,0.22451183013686493
485.794,0.22274840820498804
486.098,0.2212470693296807
486.401,0.22178475029483655
486.705,0.22130756038667632
487.009,0.21987399560260282
487.312,0.22196583884794602
487.616,0.2262008148172052
487.919,0.22370073074263283
488.222,0.22160640409327934
488.526,0.2229595130563352
488.829,0.22543539262336476
489.132,0.22538932155826008
489.436,0.22275115335888893
489.739,0.22392813427340313
490.042,0.2235670196084334
490.345,0.2255094280903472
490.648,0.22729881964886242
490.951,0.2264195624351683
491.254,0.2283714850024433
491.557,0.23002503935596383
491.86,0.2279790408343959
492.163,0.2289654075327747
492.466,0.23189550551722166
492.769,0.23236694803568578
493.072,0.23347176529472743
493.375,0.2346994118694228
493.677,0.2360750215595688
493.98,0.23651788905548024
494.283,0.23489035559641352
494.585,0.23168676126106624
494.888,0.2325149371543437
495.19,0.23418462598538778
495.493,0.2334561588651577
495.795,0.23359931176166526
496.098,0.2351094837869714
496.4,0.23723663725998456
496.702,0.2347146000573598
497.005,0.23338406442972096
497.307,0.23870581218976142
497.609,0.23705105642917318
497.911,0.2344145792855727
498.213,0.23555197957972324
498.515,0.23444627152949937
498.818,0.23558471943537748
499.12,0.23562925356874784
499.422,0.2362132142269832
499.723,0.23645397156833237
500.025,0.2384192152366931
500.327,0.2372346716019032
500.629,0.2358238323617307
500.931,0.23820724326444706
501.233,0.23826140137869645
501.534,0.2374757357332195
501.836,0.23689457655544469
502.138,0.2380108875101691
502.439,0.2401502700606904
502.741,0.23964614285523353
503.042,0.23922522066451715
503.344,0.23976523431393715
503.645,0.24290435152113526
503.947,0.24326109139129473
504.248,0.24116045717190726
504.55,0.24235870087321507
504.851,0.24376706038556795
505.152,0.24469350093891165
505.453,0.24289498805466175
505.755,0.2447579584158149
506.056,0.24467873037362745
506.357,0.24269552931527913
506.658,0.2451853727079864
506.959,0.24471759010747457
507.26,0.24695988104408226
507.561,0.24756522271283574
507.862,0.2446080607568049
508.163,0.24575462156927583
508.464,0.24699550995279868
508.764,0.24776419265323596
509.065,0.24631458428520842
509.366,0.2495948834280433
509.667,0.25241069899745616
509.967,0.24944565475181601
510.268,0.24817018304631352
510.569,0.2497495555489177
510.869,0.2489784087293328
511.17,0.24678913170014094
511.47,0.24958337238638062
511.771,0.24983850673708413
512.071,0.2519362946943437
512.371,0.2530564196782472
512.672,0.2515697571748626
512.972,0.25137423901334205
513.272,0.2522449893889454
513.573,0.2526263780409071
513.873,0.25283927386426985
514.173,0.2533715460600017
514.473,0.2522058903025423
514.773,0.2554795078403833
515.073,0.2570234152033065
515.373,0.2550082903908087
515.673,0.25397042052718743
515.973,0.2538703585300973
516.273,0.255602679713911
516.573,0.25702411551839593
516.873,0.25657881493132473
517.172,0.257935871741045
517.472,0.25851518796954503
517.772,0.25775944625846253
518.072,0.2579557959234844
518.371,0.2619289117093864
518.671,0.26444763559226964
518.97,0.2619132829773588
519.27,0.2621696940718083
519.569,0.26425394883910913
519.869,0.26386858879911945
520.168,0.2624170272841226
520.468,0.2622445551589131
520.767,0.2621544631629991
521.066,0.26092251388334314
521.366,0.26297797968267045
521.665,0.2650372868331894
521.964,0.26314304688488643
522.263,0.2635298826690428
522.562,0.2674916286824371
522.861,0.2674521304130898
523.161,0.26533089959119616
523.46,0.2644429507665489
523.759,0.2659329076138528
524.057,0.27072616011519735
524.356,0.27095962422504505
524.655,0.2668715206501336
524.954,0.26712940478279507
525.253,0.2720695704386204
525.552,0.27571796731326975
525.85,0.27479461964231955
526.149,0.2730137840574825
526.448,0.2741750489972489
526.746,0.2722497774598854
527.045,0.27058544252380107
527.344,0.2766313033809347
527.642,0.2815706119931036
527.941,0.2801044893801629
528.239,0.2770478392697171
528.537,0.27660164032447865
528.836,0.27756527173817924
529.134,0.2785012849445648
529.432,0.2799354956175008
529.731,0.27967078522657657
530.029,0.2806807136666579
530.327,0.2816190886990322
530.625,0.2791726565182475
530.923,0.277008729200454
531.221,0.27755942302291103
531.52,0.2825703815139566
531.818,0.28420263802508045
532.116,0.28132833324472517
532.413,0.28304425720869764
532.711,0.2832958028908122
533.009,0.2850944264432291
533.307,0.2886225262016419
533.605,0.28613343558751153
533.903,0.28629561341962717
534.2,0.2875901051268617
534.498,0.2870020048554933
534.796,0.29052890564620293
535.093,0.29315949597738006
535.391,0.29304748800155744
535.689,0.2919383794082986
535.986,0.29174781040079323
536.284,0.2922981095508154
536.581,0.29450378795434146
536.878,0.3003657232770332
537.176,0.2987016116815347
537.473,0.29592445199760353
537.77,0.29916611943165183
538.068,0.29964138103309806
538.365,0.30071602227885885
538.662,0.3028980332807158
538.959,0.30251632685143226
539.256,0.2999965857669857
539.554,0.3029903316524617
539.851,0.30709523975469455
540.148,0.30549596494613557
540.445,0.3043846484555242
540.742,0.3042957044545873
541.039,0.3046229909085492
541.335,0.307160233727178
541.632,0.3100686522408981
541.929,0.31157087395321326
542.226,0.312454825571484
542.523,0.313257755606462
542.819,0.31321436554502613
543.116,0.3133867717069569
543.413,0.31273993390788857
543.709,0.31205530296442147
544.006,0.3146801975567953
544.302,0.3170019390636528
544.599,0.31931755692942826
544.895,0.318198849763774
545.192,0.31537310791788375
545.488,0.3231273749864834
545.785,0.3239327182291338
546.081,0.3188769355446884
546.377,0.3222667158277515
546.673,0.3249190152826354
546.97,0.3247248257574112
547.266,0.3249314321884593
547.562,0.328809963686811
547.858,0.32679311350217594
548.154,0.3226056106580925
548.45,0.3241117245750203
548.746,0.3284669561943505
549.042,0.33080795296745363
549.338,0.33017112708032914
549.634,0.32969938283994255
549.93,0.3292506091825188
550.226,0.329039759294051
550.522,0.3315525960866148
550.818,0.3325649623482829
551.113,0.3329591291541109
551.409,0.3369019901479919
551.705,0.33590439211048573
552.0,0.33271008577401884
552.296,0.33638281479593535
552.592,0.3412125098170044
552.887,0.33964484851321114
553.183,0.3396263718313019
553.478,0.3389678370218819
553.774,0.3354537610514639
554.069,0.33929254737325704
554.364,0.34288583453847843
554.66,0.3406491521265547
554.955,0.3398346374665877
555.25,0.3395879718784249
555.546,0.33834864000047266
555.841,0.3434414159449831
556.136,0.3444273975836692
556.431,0.3429809165431523
556.726,0.3429714633002283
557.021,0.3402783189672056
557.316,0.3426645670291496
557.611,0.3443293610206029
557.906,0.3442291642573655
558.201,0.34363494423994895
558.496,0.34550095599299213
558.791,0.34850223157950083
559.086,0.3465020821793707
559.381,0.3463898097661275
559.675,0.35070945139607723
559.97,0.35287262795103214
560.265,0.3543807993077798
560.56,0.35289827729980044
560.854,0.3515402482959855
561.149,0.3516210225204146
561.443,0.34815907901788246
561.738,0.34522882499423435
562.032,0.34991677899884605
562.327,0.35179276871941906
562.621,0.3476763930569804
562.916,0.34971344871981325
563.21,0.35194652165566354
563.504,0.34890882904220044
563.799,0.3473936331219879
564.093,0.3506850317897535
564.387,0.34859748647007144
564.681,0.34696874235079406
564.976,0.35058591514754756
565.27,0.35039386172489567
565.564,0.35266337162579126
565.858,0.35376767525655134
566.152,0.34779467716942547
566.446,0.34834904413238627
566.74,0.3504253362806291
567.034,0.3483805028289357
567.328,0.35133196215466966
567.622,0.3583089473494709
567.916,0.35626372002381734
568.209,0.3524595271652517
568.503,0.35301670997772816
568.797,0.349053227772535
569.091,0.34962208351950935
569.384,0.3517333620454236
569.678,0.34931547379385014
569.972,0.3492330595806986
570.265,0.35194409486073286
570.559,0.3477097327428988
570.852,0.3486302694091434
571.146,0.35059947992183466
571.439,0.3478764997280526
571.733,0.3523462159470362
572.026,0.35326615107138265
572.319,0.3539853475980246
572.613,0.35441517115370796
572.906,0.35485886494920554
573.199,0.3590726719929547
573.492,0.35566675588036084
573.786,0.34984797103881216
574.079,0.355632027161103
574.372,0.35714164830246986
574.665,0.3521312135849983
574.958,0.35436468285324946
575.251,0.35117600057451964
575.544,0.3476277718267232
575.837,0.35218322890432224
576.13,0.3535398688732531
576.423,0.3533544422340068
576.716,0.3516666280410521
577.009,0.3503478525905856
577.301,0.35220318059920847
577.594,0.3525702142308424
577.887,0.3533770892377568
578.18,0.35632422266173125
578.472,0.3570423647351203
578.765,0.3584474550824669
579.057,0.3548430940242517
579.35,0.3550182637889657
579.643,0.357765235798431
579.935,0.35435127375570746
580.228,0.35585392694886026
580.52,0.3598683908003906
580.813,0.3567061171977597
581.105,0.3543682375405006
581.397,0.3570866092950833
581.69,0.35689181867275993
581.982,0.3592946142525562
582.274,0.36152165698434385
582.566,0.3579992779353387
582.859,0.3570841440242559
583.151,0.3595358223888278
583.443,0.3600338556348527
583.735,0.36933694605457307
584.027,0.3704184625354854
584.319,0.3628370999803301
584.611,0.35985534524729174
584.903,0.3556413721945285
585.195,0.3583646052654843
585.487,0.3600656094615926
585.779,0.35728681127593914
586.071,0.3589655141250289
586.363,0.364557704005304
586.654,0.36622785180800105
586.946,0.36124277203530336
587.238,0.3586961584041571
587.529,0.3609267020283093
587.821,0.3647693342311244
588.113,0.3665647738672636
588.404,0.36513486063713896
588.696,0.3618875519463059
588.987,0.36240357686547386
589.279,0.3677485350178366
589.57,0.3663131527528377
589.862,0.3666467320547017
590.153,0.36741969290711257
590.445,0.36458806721846587
590.736,0.36617363566186
591.027,0.37224397666229203
591.319,0.37403094463588604
591.61,0.3701696437680664
591.901,0.3668924297747815
592.192,0.36450441190017296
592.484,0.36592305274879466
592.775,0.3675521475926741
593.066,0.373797601338178
593.357,0.38266991585971494
593.648,0.375655515719405
593.939,0.3673249993086394
594.23,0.36652515898258514
594.521,0.3640756810876021
594.812,0.37020676659417256
595.103,0.3753451721260924
595.393,0.371319289378524
595.684,0.3683656946157796
595.975,0.3706071323127536
596.266,0.3695141055014448
596.557,0.3700388660571207
596.847,0.3662003585003648
597.138,0.3633926247337834
597.429,0.3628919849298564
597.719,0.36411176781351057
598.01,0.36238778679327655
598.3,0.35680156841761723
598.591,0.36214562359115765
598.881,0.3722397203505117
599.172,0.37122036696953364
599.462,0.3657053718076217
599.753,0.3665573203930089
