sample_name,sample_id,form,area,conc_mg_ml,conc_se_mg_ml,loq_flag,batch_id,intercept_mode,calibration_qc_pass,total_conc_observed,sum_parts_conc,predicted_total_conc,total_vs_parts_abs_diff,total_vs_parts_rel_diff,total_vs_parts_allowed_abs_diff,total_vs_parts_fail,p_uva_mw_cm2,p_uvb_mw_cm2,amount_mg_per_gDW,delta_conc_mg_ml,delta_amount_mg_per_gDW
Youssef Pig 29_09_25 1D,1D,oxidized,3466.0,0.0221456768944247,0.0064905673404387,False,Yousseff Scyt 29_09_25.txt,free,True,0.0596860961313957,0.151955379896451,0.0770822323731352,0.0173961362417395,0.2256828286644491,0.0050121147084045,True,3.185,0.707,0.3690946149070785,0.0221456768944247,0.3690946149070785
Youssef Pig 29_09_25 1D,1D,reduced,7029.0,0.1298097030020263,0.0017730864031946,False,Yousseff Red Scyt 29_09_25.txt,free,True,0.0596860961313957,0.151955379896451,0.0770822323731352,0.0173961362417395,0.2256828286644491,0.0050121147084045,True,3.185,0.707,2.1634950500337715,0.08858441208663279,1.3866465415138052
Youssef Pig 29_09_25 1D,1D,total,10495.0,0.0596860961313957,0.0038012726653747,False,Yousseff Scyt 29_09_25.txt,free,True,0.0596860961313957,0.151955379896451,0.0770822323731352,0.0173961362417395,0.2256828286644491,0.0050121147084045,True,3.185,0.707,0.9947682688565952,0.0503874483343639,0.8391789397882787
Youssef Pig 29_09_25 1F,1F,oxidized,6150.0,0.0517783192798259,0.0058693362803102,False,Yousseff Scyt 29_09_25.txt,free,True,0.0776043573092569,0.1774960311014344,0.0897688297098809,0.012164472400624,0.135508866941206,0.0050121147084045,True,3.185,0.707,0.5508331838279361,0.0517783192798259,0.5508331838279361
Youssef Pig 29_09_25 1F,1F,reduced,6830.0,0.1257177118216084,0.0017458364276964,False,Yousseff Red Scyt 29_09_25.txt,free,True,0.0776043573092569,0.1774960311014344,0.0897688297098809,0.012164472400624,0.135508866941206,0.0050121147084045,True,3.185,0.707,1.3374224661873244,0.0844924209062149,0.5605739576673581
Youssef Pig 29_09_25 1F,1F,total,12980.0,0.0776043573092569,0.0037370749110592,False,Yousseff Scyt 29_09_25.txt,free,True,0.0776043573092569,0.1774960311014344,0.0897688297098809,0.012164472400624,0.135508866941206,0.0050121147084045,True,3.185,0.707,0.8255782692474143,0.0683057095122251,0.6699889401790978
Youssef Pig 29_09_25 1G,1G,oxidized,6746.0,0.0583584440420089,0.005786388424212,False,Yousseff Scyt 29_09_25.txt,free,True,0.0585900898138766,0.1175967212591412,0.0600155388239434,0.0014254490100668,0.023751332371578,0.0050121147084045,False,3.185,0.707,0.7204746178025802,0.0583584440420089,0.7204746178025802
Youssef Pig 29_09_25 1G,1G,reduced,3597.0,0.0592382772171322,0.0016162737189793,False,Yousseff Red Scyt 29_09_25.txt,free,True,0.0585900898138766,0.1175967212591412,0.0600155388239434,0.0014254490100668,0.023751332371578,0.0050121147084045,False,3.185,0.707,0.7313367557670651,0.018012986301738698,-0.0455117527529012
Youssef Pig 29_09_25 1G,1G,total,10343.0,0.0585900898138766,0.0038088106522644,False,Yousseff Scyt 29_09_25.txt,free,True,0.0585900898138766,0.1175967212591412,0.0600155388239434,0.0014254490100668,0.023751332371578,0.0050121147084045,False,3.185,0.707,0.723334442146625,0.0492914420168448,0.5677451130783085
Youssef Pig 29_09_26 1I,1I,oxidized,3203.0,0.0192420312359446,0.0065705809887988,False,Yousseff Scyt 29_09_25.txt,free,True,0.0293800793384175,0.0680344214196485,0.0353968657877596,0.0060167864493421,0.1699807685069886,0.0050121147084045,True,3.185,0.707,0.2600274491343869,0.0192420312359446,0.2600274491343869
Youssef Pig 29_09_26 1I,1I,reduced,3089.0,0.0487923901837039,0.001654119351162,False,Yousseff Red Scyt 29_09_25.txt,free,True,0.0293800793384175,0.0680344214196485,0.0353968657877596,0.0060167864493421,0.1699807685069886,0.0050121147084045,True,3.185,0.707,0.6593566241041069,0.0075670992683103955,-0.11749188441585945
Youssef Pig 29_09_26 1I,1I,total,6292.0,0.0293800793384175,0.0041491229317095,False,Yousseff Scyt 29_09_25.txt,free,True,0.0293800793384175,0.0680344214196485,0.0353968657877596,0.0060167864493421,0.1699807685069886,0.0050121147084045,True,3.185,0.707,0.3970280991678045,0.020081431541385697,0.24143877009948803
Youssef Pig 29_09_27 1J,1J,oxidized,2237.0,0.0085769296918695,0.0068890785559007,False,Yousseff Scyt 29_09_25.txt,free,True,0.0756142405748144,0.2090814350972948,0.1054579873197595,0.0298437467449451,0.2829918103259055,0.0052728993659879,True,3.185,0.707,0.1072116211483687,0.0085769296918695,0.1072116211483687
Youssef Pig 29_09_27 1J,1J,reduced,10467.0,0.2005045054054254,0.0024627584634051,False,Yousseff Red Scyt 29_09_25.txt,free,True,0.0756142405748144,0.2090814350972948,0.1054579873197595,0.0298437467449451,0.2829918103259055,0.0052728993659879,True,3.185,0.707,2.5063063175678173,0.15927921449003188,1.729457809047851
Youssef Pig 29_09_27 1J,1J,total,12704.0,0.0756142405748144,0.0037386159065343,False,Yousseff Scyt 29_09_25.txt,free,True,0.0756142405748144,0.2090814350972948,0.1054579873197595,0.0298437467449451,0.2829918103259055,0.0052728993659879,True,3.185,0.707,0.94517800718518,0.06631559277778261,0.7895886781168635
Youssef Pig 29_09_28 2B,2B,oxidized,2945.0,0.016393587966409,0.0066519543044602,False,Yousseff Scyt 29_09_25.txt,free,True,0.1010314923462272,0.2748234157599598,0.1381134599658374,0.0370819676196102,0.2684891655656334,0.0069056729982918,True,2.488,0.768,0.2049198495801129,0.016393587966409,0.2049198495801129
Youssef Pig 29_09_28 2B,2B,reduced,13284.0,0.2584298277935508,0.0032001613012747,False,Yousseff Red Scyt 29_09_25.txt,free,True,0.1010314923462272,0.2748234157599598,0.1381134599658374,0.0370819676196102,0.2684891655656334,0.0069056729982918,True,2.488,0.768,3.230372847419385,0.21720453687815727,2.4535243388994186
Youssef Pig 29_09_28 2B,2B,total,16229.0,0.1010314923462272,0.0038240549477526,False,Yousseff Scyt 29_09_25.txt,free,True,0.1010314923462272,0.2748234157599598,0.1381134599658374,0.0370819676196102,0.2684891655656334,0.0069056729982918,True,2.488,0.768,1.2628936543278404,0.0917328445491954,1.1073043252595238
Youssef Pig 29_09_29 2E,2E,oxidized,5813.0,0.0480576782649674,0.0059257501918551,False,Yousseff Scyt 29_09_25.txt,free,True,0.0568523429551786,0.1215253921496833,0.0619669951614066,0.0051146522062279,0.0825383285554795,0.0050121147084045,True,2.488,0.768,0.6583243597940752,0.0480576782649674,0.6583243597940752
Youssef Pig 29_09_29 2E,2E,reduced,4289.0,0.0734677138847158,0.0015898837343562,False,Yousseff Red Scyt 29_09_25.txt,free,True,0.0568523429551786,0.1215253921496833,0.0619669951614066,0.0051146522062279,0.0825383285554795,0.0050121147084045,True,2.488,0.768,1.0064070395166549,0.0322424229693223,0.22955853099668855
Youssef Pig 29_09_29 2E,2E,total,10102.0,0.0568523429551786,0.0038215902678717,False,Yousseff Scyt 29_09_25.txt,free,True,0.0568523429551786,0.1215253921496833,0.0619669951614066,0.0051146522062279,0.0825383285554795,0.0050121147084045,True,2.488,0.768,0.7787992185640907,0.0475536951581468,0.6232098894957743
Youssef Pig 29_09_30 2G,2G,oxidized,4162.0,0.0298298494354974,0.0062939538400288,False,Yousseff Scyt 29_09_25.txt,free,True,0.0399507718481739,0.0890475638828789,0.0458345509928518,0.0058837791446779,0.1283699527370866,0.0050121147084045,True,2.488,0.768,0.3682697461172527,0.0298298494354974,0.3682697461172527
Youssef Pig 29_09_30 2G,2G,reduced,3596.0,0.0592177144473814,0.0016163332257625,False,Yousseff Red Scyt 29_09_25.txt,free,True,0.0399507718481739,0.0890475638828789,0.0458345509928518,0.0058837791446779,0.1283699527370866,0.0050121147084045,True,2.488,0.768,0.7310828944121164,0.0179924235319879,-0.04576561410784996
Youssef Pig 29_09_30 2G,2G,total,7758.0,0.0399507718481739,0.0039965834088907,False,Yousseff Scyt 29_09_25.txt,free,True,0.0399507718481739,0.0890475638828789,0.0458345509928518,0.0058837791446779,0.1283699527370866,0.0050121147084045,True,2.488,0.768,0.4932194055330111,0.0306521240511421,0.33763007646469456
Youssef Pig 29_09_31 2I,2I,oxidized,2466.0,0.011105199105527,0.0068102441266155,False,Yousseff Scyt 29_09_25.txt,free,True,0.0558644951558357,0.1505794038904497,0.0763987551433238,0.020534259987488,0.2687774159273385,0.0050121147084045,True,2.488,0.768,0.1276459667301961,0.011105199105527,0.1276459667301961
Youssef Pig 29_09_31 2I,2I,reduced,7499.0,0.1394742047849226,0.001844481827722,False,Yousseff Red Scyt 29_09_25.txt,free,True,0.0558644951558357,0.1505794038904497,0.0763987551433238,0.020534259987488,0.2687774159273385,0.0050121147084045,True,2.488,0.768,1.6031517791370418,0.09824891386952908,0.8263032706170754
Youssef Pig 29_09_31 2I,2I,total,9965.0,0.0558644951558357,0.0038293044005116,False,Yousseff Scyt 29_09_25.txt,free,True,0.0558644951558357,0.1505794038904497,0.0763987551433238,0.020534259987488,0.2687774159273385,0.0050121147084045,True,2.488,0.768,0.6421206339751239,0.0465658473588039,0.4865313049068074
Youssef Pig 29_09_32 2J,2J,oxidized,1796.0,0.0037080789869656,0.007046329814924,False,Yousseff Scyt 29_09_25.txt,free,True,0.0650363374971796,0.1831151826280258,0.0925599845719823,0.0275236470748027,0.2973601087130481,0.0050121147084045,True,2.488,0.768,0.0570473690302406,0.0037080789869656,0.0570473690302406
Youssef Pig 29_09_32 2J,2J,reduced,9441.0,0.1794071036410602,0.0022233000177533,False,Yousseff Red Scyt 29_09_25.txt,free,True,0.0650363374971796,0.1831151826280258,0.0925599845719823,0.0275236470748027,0.2973601087130481,0.0050121147084045,True,2.488,0.768,2.760109286785542,0.13818181272566668,1.9832607782655756
Youssef Pig 29_09_32 2J,2J,total,11237.0,0.0650363374971796,0.0037703568272575,False,Yousseff Scyt 29_09_25.txt,free,True,0.0650363374971796,0.1831151826280258,0.0925599845719823,0.0275236470748027,0.2973601087130481,0.0050121147084045,True,2.488,0.768,1.0005590384181482,0.0557376897001478,0.8449697093498317
Youssef Pig 29_09_33 3A,3A,oxidized,4139.0,0.0295759184463528,0.0063000852657734,False,Yousseff Scyt 29_09_25.txt,free,True,0.0418687829038322,0.0947362733517279,0.0486602567987766,0.0067914738949443,0.1395692160653595,0.0050121147084045,True,1.692,0.584,0.6878120568919264,0.0295759184463528,0.6878120568919264
Youssef Pig 29_09_33 3A,3A,reduced,3885.0,0.0651603549053751,0.0016016737690642,False,Yousseff Red Scyt 29_09_25.txt,free,True,0.0418687829038322,0.0947362733517279,0.0486602567987766,0.0067914738949443,0.1395692160653595,0.0050121147084045,True,1.692,0.584,1.5153570908226774,0.023935063989981596,0.7385085823027111
Youssef Pig 29_09_33 3A,3A,total,8024.0,0.0418687829038322,0.0039722960505061,False,Yousseff Scyt 29_09_25.txt,free,True,0.0418687829038322,0.0947362733517279,0.0486602567987766,0.0067914738949443,0.1395692160653595,0.0050121147084045,True,1.692,0.584,0.9736926256705184,0.032570135106800395,0.8181032966022019
Youssef Pig 29_09_34 3C,3C,oxidized,8823.0,0.0812895164095494,0.0056753448226177,False,Yousseff Scyt 29_09_25.txt,free,True,0.079846843919444,0.1584379660796661,0.0803022740215312,0.0004554301020872,0.0056714471369157,0.0050121147084045,False,1.692,0.584,1.0985069785074244,0.0812895164095494,1.0985069785074244
Youssef Pig 29_09_34 3C,3C,reduced,4468.0,0.0771484496701167,0.00158795884069,False,Yousseff Red Scyt 29_09_25.txt,free,True,0.079846843919444,0.1584379660796661,0.0803022740215312,0.0004554301020872,0.0056714471369157,0.0050121147084045,False,1.692,0.584,1.04254661716374,0.035923158754723204,0.26569810864377374
Youssef Pig 29_09_34 3C,3C,total,13291.0,0.079846843919444,0.0037370299574515,False,Yousseff Scyt 29_09_25.txt,free,True,0.079846843919444,0.1584379660796661,0.0803022740215312,0.0004554301020872,0.0056714471369157,0.0050121147084045,False,1.692,0.584,1.0790114043168109,0.0705481961224122,0.9234220752484944
Youssef Pig 29_09_35 3D,3D,oxidized,8164.0,0.0740138415466658,0.0056798315798888,False,Yousseff Scyt 29_09_25.txt,free,True,0.0866608305645461,0.1841449738971351,0.0930715043083913,0.0064106737438451,0.0688790171759063,0.0050121147084045,True,1.692,0.584,1.072664370241534,0.0740138415466658,1.072664370241534
Youssef Pig 29_09_35 3D,3D,reduced,6072.0,0.1101311323504693,0.0016601396396681,False,Yousseff Red Scyt 29_09_25.txt,free,True,0.0866608305645461,0.1841449738971351,0.0930715043083913,0.0064106737438451,0.0688790171759063,0.0050121147084045,True,1.692,0.584,1.5961033673981058,0.0689058414350758,0.8192548588781394
Youssef Pig 29_09_35 3D,3D,total,14236.0,0.0866608305645461,0.0037478773315052,False,Yousseff Scyt 29_09_25.txt,free,True,0.0866608305645461,0.1841449738971351,0.0930715043083913,0.0064106737438451,0.0688790171759063,0.0050121147084045,True,1.692,0.584,1.255954066152843,0.0773621827675143,1.1003647370845264
Youssef Pig 29_09_36 3E,3E,oxidized,1990.0,0.0058499316780117,0.0069762933525408,False,Yousseff Scyt 29_09_25.txt,free,True,0.0440031109958431,0.1212862586241986,0.0618482123346418,0.0178451013387987,0.288530592319214,0.0050121147084045,True,1.692,0.584,0.0731241459751473,0.0058499316780117,0.0731241459751473
Youssef Pig 29_09_36 3E,3E,reduced,6330.0,0.1154363269461868,0.0016859310516825,False,Yousseff Red Scyt 29_09_25.txt,free,True,0.0440031109958431,0.1212862586241986,0.0618482123346418,0.0178451013387987,0.288530592319214,0.0050121147084045,True,1.692,0.584,1.4429540868273356,0.07421103603079329,0.6661055783073693
Youssef Pig 29_09_36 3E,3E,total,8320.0,0.0440031109958431,0.0039465538336526,False,Yousseff Scyt 29_09_25.txt,free,True,0.0440031109958431,0.1212862586241986,0.0618482123346418,0.0178451013387987,0.288530592319214,0.0050121147084045,True,1.692,0.584,0.5500388874480391,0.0347044631988113,0.3944495583797226
Youssef Pig 29_09_37 3H,3H,oxidized,1644.0,0.0020299263630532,0.0071021194281851,False,Yousseff Scyt 29_09_25.txt,free,True,0.0470099178011421,0.1331556466291334,0.0677439956897204,0.0207340778885782,0.3060651748908347,0.0050121147084045,True,1.692,0.584,0.0390370454433307,0.0020299263630532,0.0390370454433307
Youssef Pig 29_09_37 3H,3H,reduced,7093.0,0.1311257202660802,0.0017822393273519,False,Yousseff Red Scyt 29_09_25.txt,free,True,0.0470099178011421,0.1331556466291334,0.0677439956897204,0.0207340778885782,0.3060651748908347,0.0050121147084045,True,1.692,0.584,2.5216484666553898,0.08990042935068668,1.7447999581354234
Youssef Pig 29_09_37 3H,3H,total,8737.0,0.0470099178011421,0.0039126336925924,False,Yousseff Scyt 29_09_25.txt,free,True,0.0470099178011421,0.1331556466291334,0.0677439956897204,0.0207340778885782,0.3060651748908347,0.0050121147084045,True,1.692,0.584,0.9040368807911956,0.0377112700041103,0.7484475517228791
Youssef Pig 29_09_38 4A,4A,oxidized,1832.0,0.0041055361873659,0.0070332333608947,False,Yousseff Scyt 29_09_25.txt,free,True,0.0364031724519937,0.1011176214367972,0.0518300112804122,0.0154268388284184,0.2976429764785456,0.0050121147084045,True,1.095,0.338,0.0586505169623707,0.0041055361873659,0.0586505169623707
Youssef Pig 29_09_38 4A,4A,reduced,5434.0,0.0970120852494313,0.0016125985206655,False,Yousseff Red Scyt 29_09_25.txt,free,True,0.0364031724519937,0.1011176214367972,0.0518300112804122,0.0154268388284184,0.2976429764785456,0.0050121147084045,True,1.095,0.338,1.3858869321347331,0.055786794334037805,0.6090384236147668
Youssef Pig 29_09_38 4A,4A,total,7266.0,0.0364031724519937,0.0040443160561343,False,Yousseff Scyt 29_09_25.txt,free,True,0.0364031724519937,0.1011176214367972,0.0518300112804122,0.0154268388284184,0.2976429764785456,0.0050121147084045,True,1.095,0.338,0.5200453207427675,0.027104524654961895,0.3644559916744511
Youssef Pig 29_09_39 4B,4B,oxidized,6123.0,0.0514802263795257,0.0058736069993936,False,Yousseff Scyt 29_09_25.txt,free,True,0.0615464226440267,0.1319598447492791,0.0671500148697922,0.0056035922257654,0.0834488605345973,0.0050121147084045,True,1.095,0.338,0.7250736109792361,0.0514802263795257,0.7250736109792361
Youssef Pig 29_09_39 4B,4B,reduced,4630.0,0.0804796183697533,0.0015879749991845,False,Yousseff Red Scyt 29_09_25.txt,free,True,0.0615464226440267,0.1319598447492791,0.0671500148697922,0.0056035922257654,0.0834488605345973,0.0050121147084045,True,1.095,0.338,1.1335157516866672,0.0392543274543598,0.35666724316670084
Youssef Pig 29_09_39 4B,4B,total,10753.0,0.0615464226440267,0.0037894104724583,False,Yousseff Scyt 29_09_25.txt,free,True,0.0615464226440267,0.1319598447492791,0.0671500148697922,0.0056035922257654,0.0834488605345973,0.0050121147084045,True,1.095,0.338,0.8668510231553068,0.0522477748469949,0.7112616940869904
Youssef Pig 29_09_40 4F,4F,oxidized,7035.0,0.0615491421230004,0.0057541346248434,False,Yousseff Scyt 29_09_25.txt,free,True,0.0647046513747725,0.132282007630854,0.0673100401848315,0.002605388810059,0.0387072835331056,0.0050121147084045,False,1.095,0.338,0.769364276537505,0.0615491421230004,0.769364276537505
Youssef Pig 29_09_40 4F,4F,reduced,4156.0,0.0707328655078536,0.0015926306507011,False,Yousseff Red Scyt 29_09_25.txt,free,True,0.0647046513747725,0.132282007630854,0.0673100401848315,0.002605388810059,0.0387072835331056,0.0050121147084045,False,1.095,0.338,0.8841608188481707,0.029507574592460097,0.10731231032820432
Youssef Pig 29_09_40 4F,4F,total,11191.0,0.0647046513747725,0.0037719868642359,False,Yousseff Scyt 29_09_25.txt,free,True,0.0647046513747725,0.132282007630854,0.0673100401848315,0.002605388810059,0.0387072835331056,0.0050121147084045,False,1.095,0.338,0.8088081421846567,0.055406003577740705,0.6532188131163402
Youssef Pig 29_09_41 4G,4G,oxidized,7264.0,0.0640774115366579,0.0057323566664082,False,Yousseff Scyt 29_09_25.txt,free,True,0.0643152807093381,0.128991013205023,0.0656753316261927,0.0013600509168546,0.0207087026921418,0.0050121147084045,False,1.095,0.338,1.0335066376880315,0.0640774115366579,1.0335066376880315
Youssef Pig 29_09_41 4G,4G,reduced,3873.0,0.064913601668365,0.0016021802184696,False,Yousseff Red Scyt 29_09_25.txt,free,True,0.0643152807093381,0.128991013205023,0.0656753316261927,0.0013600509168546,0.0207087026921418,0.0050121147084045,False,1.095,0.338,1.04699357529621,0.023688310752971502,0.2701450667762437
Youssef Pig 29_09_41 4G,4G,total,11137.0,0.0643152807093381,0.0037739490424959,False,Yousseff Scyt 29_09_25.txt,free,True,0.0643152807093381,0.128991013205023,0.0656753316261927,0.0013600509168546,0.0207087026921418,0.0050121147084045,False,1.095,0.338,1.0373432372473892,0.0550166329123063,0.8817539081790727
Youssef Pig 29_09_42 4H,4H,oxidized,2342.0,0.0097361798597037,0.0068526856133619,False,Yousseff Scyt 29_09_25.txt,free,True,0.0395614011827395,0.1052677456870743,0.0538914683215097,0.0143300671387702,0.265906043852412,0.0050121147084045,True,1.095,0.338,0.1390882837100536,0.0097361798597037,0.1390882837100536
Youssef Pig 29_09_42 4H,4H,reduced,5362.0,0.0955315658273706,0.0016087528560692,False,Yousseff Red Scyt 29_09_25.txt,free,True,0.0395614011827395,0.1052677456870743,0.0538914683215097,0.0143300671387702,0.265906043852412,0.0050121147084045,True,1.095,0.338,1.3647366546767228,0.0543062749119771,0.5878881461567564
Youssef Pig 29_09_42 4H,4H,total,7704.0,0.0395614011827395,0.0040016454792154,False,Yousseff Scyt 29_09_25.txt,free,True,0.0395614011827395,0.1052677456870743,0.0538914683215097,0.0143300671387702,0.265906043852412,0.0050121147084045,True,1.095,0.338,0.5651628740391357,0.0302627533857077,0.4095735449708192
Youssef Pig 29_09_43 5B,5B,oxidized,2964.0,0.016603357044398,0.0066458666698699,False,Yousseff Scyt 29_09_25.txt,free,True,0.0489207182889221,0.1260353552233387,0.0642071919778407,0.0152864736889186,0.2380803959499474,0.0050121147084045,True,0.647,0.246,0.2441670153587955,0.016603357044398,0.2441670153587955
Youssef Pig 29_09_43 5B,5B,reduced,6038.0,0.1094319981789406,0.0016570138577546,False,Yousseff Red Scyt 29_09_25.txt,free,True,0.0489207182889221,0.1260353552233387,0.0642071919778407,0.0152864736889186,0.2380803959499474,0.0050121147084045,True,0.647,0.246,1.609294090866774,0.0682067072635471,0.8324455823468078
Youssef Pig 29_09_43 5B,5B,total,9002.0,0.0489207182889221,0.0038925323867277,False,Yousseff Scyt 29_09_25.txt,free,True,0.0489207182889221,0.1260353552233387,0.0642071919778407,0.0152864736889186,0.2380803959499474,0.0050121147084045,True,0.647,0.246,0.7194223277782666,0.0396220704918903,0.5638329987099502
Youssef Pig 29_09_44 5D,5D,oxidized,4726.0,0.0360566789084357,0.0061518550282323,False,Yousseff Scyt 29_09_25.txt,free,True,0.0538815889892716,0.1234042623749707,0.062900270895252,0.0090186819059804,0.1433806528591787,0.0050121147084045,True,0.647,0.246,0.5007872070616076,0.0360566789084357,0.5007872070616076
Youssef Pig 29_09_44 5D,5D,reduced,4964.0,0.087347583466535,0.0015932753304512,False,Yousseff Red Scyt 29_09_25.txt,free,True,0.0538815889892716,0.1234042623749707,0.062900270895252,0.0090186819059804,0.1433806528591787,0.0050121147084045,True,0.647,0.246,1.2131608814796528,0.046122292551141496,0.4363123729596865
Youssef Pig 29_09_44 5D,5D,total,9690.0,0.0538815889892716,0.0038457627071807,False,Yousseff Scyt 29_09_25.txt,free,True,0.0538815889892716,0.1234042623749707,0.062900270895252,0.0090186819059804,0.1433806528591787,0.0050121147084045,True,0.647,0.246,0.7483554026287729,0.0445829411922398,0.5927660735604564
Youssef Pig 29_09_45 5E,5E,oxidized,2841.0,0.0152453782763636,0.0066855391587318,False,Yousseff Scyt 29_09_25.txt,free,True,0.0428854729746887,0.1099955588532022,0.056239876020305,0.0133544030456162,0.2374543471752098,0.0050121147084045,True,0.647,0.246,0.1929794718527047,0.0152453782763636,0.1929794718527047
Youssef Pig 29_09_45 5E,5E,reduced,5324.0,0.0947501805768385,0.001606851049902,False,Yousseff Red Scyt 29_09_25.txt,free,True,0.0428854729746887,0.1099955588532022,0.056239876020305,0.0133544030456162,0.2374543471752098,0.0050121147084045,True,0.647,0.246,1.1993693743903615,0.053524889661444995,0.42252086587039517
Youssef Pig 29_09_45 5E,5E,total,8165.0,0.0428854729746887,0.0039598634432309,False,Yousseff Scyt 29_09_25.txt,free,True,0.0428854729746887,0.1099955588532022,0.056239876020305,0.0133544030456162,0.2374543471752098,0.0050121147084045,True,0.647,0.246,0.5428540882871999,0.0335868251776569,0.3872647592188835
Youssef Pig 29_09_46 5F,5F,oxidized,3548.0,0.0230509960731143,0.0064662437372611,False,Yousseff Scyt 29_09_25.txt,free,True,0.0664423982334705,0.1704418672121115,0.0862648729746748,0.0198224747412043,0.2297861697080767,0.0050121147084045,True,0.647,0.246,0.3389852363693281,0.0230509960731143,0.3389852363693281
Youssef Pig 29_09_46 5F,5F,reduced,7884.0,0.1473908711389972,0.0019097055280433,False,Yousseff Red Scyt 29_09_25.txt,free,True,0.0664423982334705,0.1704418672121115,0.0862648729746748,0.0198224747412043,0.2297861697080767,0.0050121147084045,True,0.647,0.246,2.1675128108676067,0.1061655802236037,1.3906643023476404
Youssef Pig 29_09_46 5F,5F,total,11432.0,0.0664423982334705,0.0037638714903514,False,Yousseff Scyt 29_09_25.txt,free,True,0.0664423982334705,0.1704418672121115,0.0862648729746748,0.0198224747412043,0.2297861697080767,0.0050121147084045,True,0.647,0.246,0.9770940916686844,0.057143750436438705,0.821504762600368
Youssef Pig 29_09_47 5I,5I,oxidized,2632.0,0.012937918418484,0.0067543556029954,False,Yousseff Scyt 29_09_25.txt,free,True,0.0292791313881197,0.0731837713534076,0.0379546599736359,0.0086755285855161,0.2285761113797988,0.0050121147084045,True,0.647,0.246,0.2230675589393805,0.012937918418484,0.2230675589393805
Youssef Pig 29_09_47 5I,5I,reduced,3646.0,0.0602458529349236,0.0016134319932442,False,Yousseff Red Scyt 29_09_25.txt,free,True,0.0292791313881197,0.0731837713534076,0.0379546599736359,0.0086755285855161,0.2285761113797988,0.0050121147084045,True,0.647,0.246,1.0387216023262689,0.019020562019530098,0.2618730938063025
Youssef Pig 29_09_47 5I,5I,total,6278.0,0.0292791313881197,0.0041507255155412,False,Yousseff Scyt 29_09_25.txt,free,True,0.0292791313881197,0.0731837713534076,0.0379546599736359,0.0086755285855161,0.2285761113797988,0.0050121147084045,True,0.647,0.246,0.5048126101399952,0.0199804835910879,0.34922328107167877
Youssef Pig 29_09_48 6C,6C,oxidized,3272.0,0.0200038242033785,0.0065492974996209,False,Yousseff Scyt 29_09_25.txt,free,True,0.0403329319457299,0.0986122305258051,0.0505855290859763,0.0102525971402464,0.2026784601347331,0.0050121147084045,True,0.0,0.0,0.270321948694305,0.0200038242033785,0.270321948694305
Youssef Pig 29_09_48 6C,6C,reduced,4539.0,0.0786084063224266,0.0015877601460528,False,Yousseff Red Scyt 29_09_25.txt,free,True,0.0403329319457299,0.0986122305258051,0.0505855290859763,0.0102525971402464,0.2026784601347331,0.0050121147084045,True,0.0,0.0,1.0622757611138731,0.0373831154070331,0.2854272525939068
Youssef Pig 29_09_48 6C,6C,total,7811.0,0.0403329319457299,0.003991658041673,False,Yousseff Scyt 29_09_25.txt,free,True,0.0403329319457299,0.0986122305258051,0.0505855290859763,0.0102525971402464,0.2026784601347331,0.0050121147084045,True,0.0,0.0,0.5450396208882419,0.031034284148698098,0.3894502918199254
Youssef Pig 29_09_49 6D,6D,oxidized,7751.0,0.0694541242198511,0.0056973331126451,False,Yousseff Scyt 29_09_25.txt,free,True,0.0676681947728011,0.1339153449536975,0.0681213543820964,0.0004531596092953,0.0066522401588424,0.0050121147084045,False,0.0,0.0,0.978227101688044,0.0694541242198511,0.978227101688044
Youssef Pig 29_09_49 6D,6D,reduced,3851.0,0.0644612207338464,0.0016031318898354,False,Yousseff Red Scyt 29_09_25.txt,free,True,0.0676681947728011,0.1339153449536975,0.0681213543820964,0.0004531596092953,0.0066522401588424,0.0050121147084045,False,0.0,0.0,0.9079045173781192,0.023235929818452898,0.13105600885815283
Youssef Pig 29_09_49 6D,6D,total,11602.0,0.0676681947728011,0.0037587802365402,False,Yousseff Scyt 29_09_25.txt,free,True,0.0676681947728011,0.1339153449536975,0.0681213543820964,0.0004531596092953,0.0066522401588424,0.0050121147084045,False,0.0,0.0,0.9530731658141,0.0583695469757693,0.7974838367457835
Youssef Pig 29_09_50 6F,6F,oxidized,786.0,0.0,0.0074312138947844,False,Yousseff Scyt 29_09_25.txt,free,True,0.0092986477970318,0.0412252909153935,0.0220801871750629,0.0127815393780311,0.5788691588840529,0.0050121147084045,True,0.0,0.0,0.0,0.0,0.0
Youssef Pig 29_09_50 6F,6F,reduced,2721.0,0.0412252909153935,0.0016906734035165,False,Yousseff Red Scyt 29_09_25.txt,free,True,0.0092986477970318,0.0412252909153935,0.0220801871750629,0.0127815393780311,0.5788691588840529,0.0050121147084045,True,0.0,0.0,0.5353933885116051,0.0,-0.24145512000836122
Youssef Pig 29_09_50 6F,6F,total,3507.0,0.0092986477970318,0.0045161651823783,False,Yousseff Scyt 29_09_25.txt,free,True,0.0092986477970318,0.0412252909153935,0.0220801871750629,0.0127815393780311,0.5788691588840529,0.0050121147084045,True,0.0,0.0,0.1207616597017118,0.0,-0.0348276693666047
Youssef Pig 29_09_51 6H,6H,oxidized,756.0,0.0,0.0074431332143095,False,Yousseff Scyt 29_09_25.txt,free,True,0.0071571091371425,0.0357350313919184,0.0193530557761982,0.0121959466390556,0.6301819609312096,0.0050121147084045,True,0.0,0.0,0.0,0.0,0.0
Youssef Pig 29_09_51 6H,6H,reduced,2454.0,0.0357350313919184,0.0017216951167407,False,Yousseff Red Scyt 29_09_25.txt,free,True,0.0071571091371425,0.0357350313919184,0.0193530557761982,0.0121959466390556,0.6301819609312096,0.0050121147084045,True,0.0,0.0,0.7768485085199663,-0.005490259523475101,0.0
Youssef Pig 29_09_51 6H,6H,total,3210.0,0.0071571091371425,0.0045605186547627,False,Yousseff Scyt 29_09_25.txt,free,True,0.0071571091371425,0.0357350313919184,0.0193530557761982,0.0121959466390556,0.6301819609312096,0.0050121147084045,True,0.0,0.0,0.1555893290683165,-0.0021415386598893004,0.0
Youssef Pig 29_09_52 6J,6J,oxidized,361.0,0.0,0.0076024977378102,False,Yousseff Scyt 29_09_25.txt,free,True,0.0,0.0192231272819913,0.0111512336290507,0.0111512336290507,1.0,0.0050121147084045,True,0.0,0.0,0.0,0.0,0.0
Youssef Pig 29_09_52 6J,6J,reduced,1651.0,0.0192231272819913,0.0018356206795229,False,Yousseff Red Scyt 29_09_25.txt,free,True,0.0,0.0192231272819913,0.0111512336290507,0.0111512336290507,1.0,0.0050121147084045,True,0.0,0.0,0.2707482715773425,-0.0220021636334022,-0.5061002369426238
Youssef Pig 29_09_52 6J,6J,total,2012.0,0.0,0.0047482912943385,False,Yousseff Scyt 29_09_25.txt,free,True,0.0,0.0192231272819913,0.0111512336290507,0.0111512336290507,1.0,0.0050121147084045,True,0.0,0.0,0.0,-0.0092986477970318,-0.1555893290683165
